Tweet_Id,Tweet_Text,Sentiment_Score,Sentiment_Label,Emotion_Sadness,Emotion_Joy,Emotion_Fear,Emotion_Disgust,Emotion_Anger,
1479670559088730000,"in the last few years, the number of indian students heading outside for higher education has increased. click below to know more! #schools #highered #highschool #india #studyabroad #education #omicronvarient #omicronvirus #unicreds'",0,neutral,0,0,1,0,0,
1479670559319400000,"coronavirus omicron variant india live updates: india reports 1.49 lakh daily new cases and 1,072 deaths#coronavirus #omicron #omicronvirus #omicronvarient #covid19 ",0,neutral,0,0,0,0,0,
1479670559495660000,"active covid-19cases in country decline to15,33,921:union health ministry#covid19 #coronavirus #omicronvirus #activecases #india'",0,neutral,0,0,0,0,0,
1479684197237280000,1. it's not a 'bad cold'2. you could get long covid3. you're spreading the disease to children4. you'll stress the health care system5. don't mess with mother nature#omicron #omicronvariant #covid_19 #omicronvirus #virus #care #covid #covid2020 #order_of_india #pandamic ,-0.915724,negative,0,0,0,0,1,
1479670560044960000,the revised visa requirements in the united kingdom will attract indian students. learn more below! #india #students #internationalstudents #education #omicronvariant #visa #omicronvirus #pandemic #unicreds',0,neutral,0,0,0,0,0,
1479670560342750000,please watch #covidiot #covid #covid19india #omicron #omicronvarient #omicronvirus #mondaymorning #mondayhustle #antivaxxers #boostershotbudget #antivaxx #india',0,neutral,0,0,0,0,0,
1479670560363840000,back to reality at last? covid rules are being dropped in europe despite high omicron spread #omicronvirus #coronavirus #covid19 [NAME] [NAME] [NAME] [NAME] [NAME] [NAME] [NAME] [NAME] [NAME] [NAME],0,neutral,0,0,0,0,0,
1479684197467830000,#nightcurfew is one of the most #idiotic steps state governments in #india have taken #omicronvirus #covid19',-0.853297,negative,0,0,0,0,1,
1479670560988690000,government of india latest quick update on #covid19 in the country #omicron #omicronvarient #omicronvirus #coronavirusupdates ,0,neutral,0,0,0,0,1,
1479670561106110000,".#5daysbanking will control spread of #omicronvirus as well as promote #digitalindia campaignso what's the issue???[NAME] [NAME] [NAME] [NAME] [NAME] [NAME] #coronavirusupdates #omicroninindia""",0,neutral,0,0,0,1,0,
1479684202186640000,"i've got a covid question..why does the usa have so many active cases of covid than everywhere else in the world?usa. 18,000,000france 3,000,000india. 700,000mexico. 470,000canada. 420,000#covid19#omicronvirus""",-0.817083,negative,0,0,1,0,0,
1479670761212490000,thank you to [NAME] [NAME] [NAME] for saving peoples of india from physical rally to stop spreading covid .#india #electioncommissionofindia #covidsituation #covid19 #omicroninindia #politics #elections2022 #omicronvirus',0.889703,positive,0,0,0,0,0,
1479684204321500000,rise of omicron in india. deadly virus erupted in india not going.. all schools college closed since january. follow me [NAME] #omicronindia #omicronvirus #omicronvirus',-0.894369,negative,0,0,0,0,1,
1479670561156600000,"as the #covid19 cases in #odisha are rising day by day, the state government has asked all collectors to personally visit all covid hospitals in their respective districts and ensure availability of all required arrangements.#omicronvirus ",0,neutral,0,0,1,0,0,
1479684207693770000,you insist the people of india to follow the covid protocols but what kind of examples are you even setting up? i am ashamed to have a pm like #modi #omicronvirus #notmyleader #indiafightscorona ,-0.933048,negative,1,0,0,0,0,
1479670560950870000,"covid-19: nearly 80-85 pc cases are of omicron variant, says tn health minister #omicronindia #omicronsymptoms #omicronvarient #omicroninindia #omicronvirus #omicronalert #india #covidvariant #covid19 #tamilnadulockdown #tncoronaupdate'",0,neutral,0,0,0,0,0,
1479670561878020000,kindly also extend various due dates of income tax &amp; gst to 31/03/22 because of unprecedented situation created by #omicronvirus [NAME] [NAME] [NAME] [NAME] [NAME] [NAME] [NAME] [NAME] #taxauditextension',0,neutral,0,0,0,0,0,
1479684213456740000,"#indigo waives all change fees, reducing capacity amid rising #omicron cases #airlines #coronavirus #omicronvirus #businessnews #odishabiznews #odishabusinessnews #india via [NAME]",-0.611902,negative,0,0,0,0,0,
1479670764097970000,[NAME] [NAME] [NAME] [NAME] [NAME] [NAME] request to close all schools and colleges including medical colleges with immediate effect. hostels of colleges are becoming hotspots due to #omicronvirus hope honble [NAME] reviews and implements closures of educational institutions after the covid review meet.tq in advance.',0.946986,positive,0,0,0,0,0,
1479670765381300000,[NAME] [NAME] [NAME] request to close all schools and colleges including medical colleges with immediate effect. hostels of colleges are becoming hotspots due to #omicronvirus hope honble [NAME] reviews and implements closures of educational institutions after the covid review meet.tq in advance.',0.946986,positive,0,0,0,0,0,
1479670872373870000,#omicronvirus #india #omicron joke is #electioncommission is doing nothing was 5 state polls so important could we not have a caretaker government for another year? ,-0.409712,negative,0,0,0,0,0,
1479684214861790000,dont travel anywhere if its not necessary i have to say ground reports are not that great as no one is wearing #masks forget #n95 #india either you dont know about #omicronvirus or you are too arrogant ,-0.964872,negative,0,0,0,0,1,
1479670767663070000,[NAME] [NAME] [NAME] [NAME] [NAME] [NAME] [NAME] [NAME] - what happened to the weekend curfew in karnataka? while we have to shut down our businesses you allow such congregation! what governance is this? [NAME] [NAME] [NAME] [NAME] #covid19 #omicronvirus #weekendcurfew #covid',0.662344,positive,0,0,0,0,1,
1479684216480690000,"well before #omicronvirus arrived, india had been witnessing a rebound only in the formal sector. the informal sector and labour have been left behind. this is hardly a robust recovery.",-0.600268,negative,1,0,0,0,0,
1479684220297650000,"my observation-in this #thirdwaveofcorona in #india #omicronvirus or #coronavirus infected patients hav mild symptoms of sorethroat, running nose n mild fever. lung involvement or pneumonia is uncommon with normal oxygen levels. may be #coronavaccine in #india has made a mark.'",-0.769913,negative,1,0,1,0,0,
1479670561601200000,nearly 400 personnel working in the indian #parliament have been tested #covid19 positive in the last 5 days. it could be a bad omen for the coming #budgetsession proposed to commence in the last week of january. #india. #omicronvirus #delhi',0.250071,positive,0,0,1,0,0,
1479670769860750000,india's omicron new cases surge to 552 and reported over 159632 fresh new covid cases. stay with mapmyindia covid 19 guide on mapmyindia move app for more updates. #staysafe #coronavirusupdate #omicronvirus ,0.643787,positive,0,0,0,0,1,
1479670771681270000,"btw schools &amp; colleges are getting close &amp; bars are open, it means glasses are more important than classes.#indiafightscorona #covid19india #omicronindia #omicronvirus #punjabelection2022 [NAME] [NAME] [NAME] [NAME] [NAME] [NAME] [NAME]",0.625706,positive,0,1,0,0,0,
1479684225448110000,"when will omicron wave peak in india? what us-based health expert says politicians, worthless [NAME] are dancing to welcome #coronavirus, #omicronvirus in india. slaves of indian democracy are helpless. [NAME] [NAME] [NAME] [NAME]",-0.83357,negative,0,0,0,0,0,
1479670874626310000,"[NAME] and #america both have predicted that in the nextmonth of february in #india the casses of #omicronvirus is going to increase very fastand still our election comm..didn't cancel the #elections of several states...!!!! #cancelelections2022""",-0.390609,negative,1,0,0,0,0,
1479684227012520000,"considering the spurt in cases of covid-19 all over india, brookefield hospital has come up with isolation care services.covid home care at your home.to book your package call on 88809 10000 / 89517 79379#covid_19 #omicron #omicronvariant#omicronindia #omicronvirus ",-0.792202,negative,1,0,0,0,0,
1479684229072040000,"considering the spurt in cases of covid-19 all over india, brookefield hospital has come up with isolation care services.covid home care at your home.to book your package call on 88809 10000 / 89517 79379#covid_19 #omicron #omicronvariant#omicronindia #omicronvirus ",-0.792202,negative,1,0,0,0,0,
1479670562687360000,"maharashtra on saturday announced closure of swimming pools and gyms from monday, while schools and colleges have been closed till feb 15#omicronvirus #omicronindia ",0,neutral,0,0,0,0,0,
1479670562943230000,covid surge in india triggers rush for antibody cocktail#indiafightscorona #omicronvirus ,0,neutral,0,0,0,0,0,
1479670563832540000,"#omicronindia - total 3,623 #omicron cases were reported in 27 states/union territories of india so far. the number of persons recovered is 1,409 - union health ministry#omicronvarient #omicroninindia #omicronvirus #covid19 #coronavirus ",0,neutral,0,0,0,0,0,
1479670562653880000,be a responsible citizen in helping india to fight the new varinat of virus by taking the necessary precautions. stay home and stay safe#omicron #omicronvariant #omicronvirus #micron #variantes #varianteomicron #covid_19 #omikron ,0.282965,positive,0,0,0,0,1,
1479670564008700000,how can #covid19 positive voters participate in upcoming assembly polls? election commission explains#coronavirus #omicron #omicroninindia #omicronvirus ,0,neutral,0,0,0,0,0,
1479670564285340000,"covid19 | a total of 3,623 #omicron cases were reported in 27 states/uts of india so far. the number of persons recovered is 1,409: union health ministry #omicroninindia #omicronvariant #omicronvirus ",0,neutral,0,0,0,0,0,
1479670564705160000,[NAME] #drishtanttv #newsanchor follow [NAME] #omicronvirus #omicroninindia#omicron #omicronvariantyoutube link - ,0,neutral,0,1,0,0,0,
1479670564880990000,"a total of 3,007 omicron cases were reported in india so far. #omicronvirus#omicroninindia",0,neutral,0,0,0,0,1,
1479670564847420000,"a total of 3,007 omicron cases were reported in india so far. #omicronvirus#omicroninindia",0,neutral,0,0,0,0,1,
1479670565065470000,"congress is responsible for covid surge in india. remember,never forget &amp; forgive.#covid19india #congresskevichaar #congress_goondagiri #congress #omicroninindia #omicronvirus #wuhanvirus ",0,neutral,0,0,0,0,0,
1479670565766000000,how high do you think #india cases get. #covid19 #omicron #delta #omicronvirus',0,neutral,0,0,0,0,0,
1479684230590330000,"in 2nd wave, over use of remdesivir, steroids, impure oxygen killed many, caused black fungus deaths. have we learnt any lessons? why are doctors prescribing #molnupiravir if [NAME] doesnt trust it to be safe? why [NAME] give eua in india? i report. #omicronvirus ",-0.851932,negative,1,0,0,0,0,
1479684233345960000,"2022 can also be pronounced as ""2020-too"".if it\'s spreading by the ignorance of ""one to many"", it can stop by the responsibility of ""many to none"". \'partying\', \'voting\' &amp; \'praying\' can wait for now, if we are left alive in future.#covid19 #coronavirus #omicronvirus #india ",-0.728307,negative,0,0,0,0,0,
1479670771819570000,mask up please ladies and gentlemen. this thing is getting serious. #india #corona #covid #omicronvirus #covid19 #omicroninindia #nagarkurnool #mahboobnagar #telangana ,0.720244,positive,0,0,0,0,0,
1479670565757660000,"india records 1,41,986 new cases8.15 isr #coronavirus #coronaupdate #omicronvirus'",0,neutral,0,0,0,0,0,
1479670565749370000,"india records 1,41,986 new cases8.15 isr #coronavirus #coronaupdate #omicronvirus'",0,neutral,0,0,0,0,0,
1479670564398640000,"covid-19: over a dozen iim udaipur students test positive, says report#covid19 #covid #omicronvirus #omicroninindia #coronaupdatesinindia #coronapositive #coronaupdate #iim #iimcolleges #iimudaipur #iimcalcutta #educationnews ",0.362123,positive,0,0,0,0,0,
1479670566084770000,"india reports 1.16 lakh new covid-19 cases on january 6, 2022 #omicronvirus #covid19'",0,neutral,0,0,0,0,0,
1479684233446580000,#covid19 has not ended yet. it is a humble request to follow the guidelines of [NAME] [NAME] go out of the house when needed and practice social distancing.#stayhomestaysafe #covid19 #omicroninindia #omicronvirus ,-0.519894,negative,0,0,0,0,0,
1479670566189550000,like omg#goa #omicronvirus #covid19 #india ,0,neutral,0,0,0,0,0,
1479670565443140000,#odisha : spike in omicron cases in odisha#omicronvirus #omicron #covid19 [NAME] [NAME] [NAME] ,0,neutral,0,0,0,0,0,
1479684236147780000,[NAME] when the whole world is worried about #omicronvirus issue and doing their best to tackle it here in india [NAME] is conducting elections in five states [NAME] [NAME] [NAME] [NAME] [NAME] [NAME] [NAME] [NAME] [NAME] [NAME],-0.807385,negative,1,0,0,0,0,
1479670566483360000,#covid19 #omicronvirus #omicroninindia would be reduced to single column #news in #india till #election counting day #electioncommission #election2022 #elections2022 #uttarpradeshelections2022 #uttarpradesh #goa #punjabelections2022',0,neutral,0,0,0,0,0,
1479684236743380000,dispatches | more than 30 countries are reporting record tallies of weekly #covid19 cases since the start of the pandemic. #omicronvirus',-0.769297,negative,0,0,0,0,0,
1479684237632670000,"children who have recovered from #covid19 appear to be at an increased risk of developing type 1 or type 2 diabetes, researchers at the centers for disease control and prevention ([NAME] said.#omicronvirus ",-0.626829,negative,0,0,1,0,0,
1479670566466590000,weekend &amp; nights curfew in place in these states as india sees major covid spike: check details here #omicroninindia #omicronvirus #omicron #omicronindia #omicronvariant #covid #covid19india #covidvariant #covid19 #coronavirus #corona #covid19france #yvr',0,neutral,0,0,0,0,0,
1479670567284480000,"as many as 2,628 cases of #covid19 among children were reported in #bengaluru in the past one week, as per the statistics released by the #karnataka health department.on an average 375 children contract the infection everyday, it added.[NAME] #omicronvirus ",0,neutral,0,0,0,0,0,
1479670567540300000,[NAME] #omicronvirus is the winner in india ,0,neutral,0,0,0,0,0,
1479670568651730000,whether it is 3rd wave or #omicronvirus nothing is important for #electioncommision in india.',0,neutral,0,0,0,0,0,
1479684239499090000,"08-01-2022 saturdayindia reports 1,41,986 fresh covid cases, 40,895 recoveries, and 285 deaths in the last 24 hours.yesterday it was- 1,17,100.#indiafightscorona#indiacoronaupdate #indiacorona #tncorona #omicroninindia #omicronvirus #coronaupdate #covid19'",-0.792812,negative,1,0,1,0,0,
1479684241617260000,you will wake up when cremation grounds start to fill: hc pulls up govt#law #latest #latestlaws #legalnews #india #indiannews #news #legal #highcourt #omicronindia #omicronvirus ,-0.867914,negative,0,0,0,0,0,
1479670569805040000,resume student's online classes: hc orders in view of omicron#law #latest #latestlaws #legalnews #india #indiannews #news #legal #highcourt #online #omicronvirus #omicron #omicronvariant ,0,neutral,0,0,0,0,0,
1479670569750900000,current situation in india !! #omicronvirus #staysafestayhealthy ,0,neutral,0,0,0,0,0,
1479684245677390000,[NAME] for election commission they need to complete their work irrespective of #covid19 and #omicronvirus spread in india. if they are postponing then few leaders drama and photoshoot will go in vain. so they will not bother about 3rd wave or any wave!',-0.71248,negative,0,0,0,0,0,
1479670775007220000,"india achieves in 2.5 months, what the world achieves in one year! #indiafightscorona #omicron #omicronvirus #vaccination #india ",0.854561,positive,0,0,0,0,0,
1479670777133810000,"3,071 people have tested positive for the ##omicron variant of covid-19 from 27 states across #india. here is the state-wise list! #omicronvirus #covid19 ",0.581729,positive,0,0,0,0,0,
1479670779411410000,"[NAME] sir, what about omicron. your party's and dma's covid guidelines suggests that you are taking omicron seriously. then what should i conclude with this image?#omicron #omicronvirus #punjab [NAME] #politics #india""",0.503584,positive,0,0,0,0,0,
1479684247803860000,"'no weekend curfew' says, #mumbai mayor kishori pednekar assuring enough beds available at bkc jumbo covid-19 centre. [NAME] [NAME] india logs 1.41 lakh new #covid19 cases in past 24hrs.#covid19india #omicronvirus #mumbaicovid #maharashtralockdown""",-0.534613,negative,1,0,0,0,0,
1479670780040410000,"here is a timeline as to #omicron #variant in the world and entered #india . for more information on #omicronvirus , follow us on [NAME] #saturdaymotivation #saturday #healthyliving #awareness #staysafestayhealthy ",0.688958,positive,0,1,0,0,0,
1479670569796780000,live: ec to announce schedule for assembly elections in 5 states at 3.30pm today curfew &amp; lockdown sword hanging for dear of spread of #omicronvirus. ec ',0,neutral,0,0,0,0,0,
1479670569897440000,"india registers 1,41,986 new covid-19 cases in last 24 hrs, omicron tally over 3,071#covid19india #covid19 #coronavirusupdates #covid19vic #omicron #omicronvirus #omicronvarient ",0,neutral,0,0,0,0,0,
1479670570035730000,covid: seven-day mandatory home quarantine for all international arrivals in india | latest guidelines#coronaupdate #covid19india #omicronvirus #coronaupdate ,0,neutral,0,0,1,1,0,
1479670570580980000,"let free shots be same as previous. if you want alternate, let it be paid#covid_19 #omicronvirus #omicron#boosterjab#boostershot#boostershots[NAME] [NAME] [NAME] [NAME] [NAME] [NAME] [NAME] [NAME] [NAME] ",0,neutral,1,0,0,0,0,
1479670570669070000,"[NAME] election commission of india to announce schedule for assembly elections to goa, punjab, manipur, uttarakhand and up at 3.30 pm today.now , there is no corona or #omicronvirus'",0,neutral,0,0,0,0,0,
1479670566156070000,"covid surge in india;1,41,986 fresh cases reported#covid19 #coronavirus #corona#coronavirusupdates#omicron #omicronvirusread more: ",0.281055,positive,1,0,0,0,0,
1479670571050830000,we are in #thirdwaveofcorona now.#wuhanvirus #india #omicron #omicronvirus #omicronvarient ,0,neutral,0,0,0,0,0,
1479670571130440000,#explained: how serious is the infection caused by #omicron variant of #covid19?#omicronvariant #omicron#omicronvirus #thirdwave #coronavirusupdates [NAME] ,0,neutral,0,0,0,0,0,
1479670571273220000,"#omicron - total 3,071 #omicron cases were reported in 27 states/union territories of india so far. the number of persons recovered is 1,203 - union health ministry#omicronvirus #omicronvarient #omicronvariant ",0,neutral,0,0,0,0,0,
1479684248630170000,"[NAME] [NAME] india is turning into a terrorist country day by day,so now all those who can afford will roam with security but y don't u &amp; [NAME] [NAME] [NAME] [NAME] ask [NAME] y he was holding rallies when #omicron #omicronvirus is spreading like tsunami""",-0.753459,negative,0,0,0,0,0,
1479684248969870000," may all sentient beings be at peace,may no one suffer from illness,may all see what is auspicious, may no one suffer.#__ #india #indian #omicron #omicronvirus #omikronvariante ",-0.601847,negative,0,0,0,0,0,
1479670571348670000,"1,41,986 #covid19 cases in india today, 21% up from yesterday, positivity 9%, 285 dead. #omicron #omicronvirus #covid_19 #corona'",0,neutral,0,0,0,0,0,
1479684252673490000,"[NAME] [NAME] [NAME] will want [NAME] rule in all non [NAME] states bc they r blind &amp; suffering of hate. doesn't he know that rallies should have been all cancelled bc of #omicron #omicronvirus which is spreading rapidly in india &amp; the world rapidly like a #tsunami""",-0.878141,negative,1,0,0,0,0,
1479670571625540000,india reports 3071 cases of new covid variant omicron till now #omicronvarient #omicronvirus',0,neutral,0,0,0,0,0,
1479684252966940000,"keeping in mind the sudden rise in covid19 cases in india again, we request all to stay safe in these critical times. make sure to follow all the protocols even if you are fully vaccinated.#indiantravelstore #covid19 #covidvariant #omicron #omicronvirus #himachal #mumbai #jammu ",-0.48731,negative,0,0,0,0,0,
1479670571671630000,#omicron cases in #india surge to 3071.government release statewise list.#omicronindia #omicron #indiafightscorona #coronaupdate #coronavirus #omicronvirus ,0,neutral,0,0,0,0,0,
1479670571923160000,"india reports 1.41 lakh new #covid19 cases, 21% higher than yesterday#omicron #omicroninindia #omicronindia #omicronvarient #omicronvariant #omicronvirus #covid #covid19vaccine #vaccination #covidvariant ",0,neutral,0,0,0,0,0,
1479684257857640000,"as the numbers grow , panic sets in . but we refuse to be careful . we have seen the worst during the second wave . lets be careful . #covid #omicronvirus #maskup #staysafe #drjawaharsurisetti #india ",-0.732167,negative,0,0,1,0,0,
1479670572149710000,"india records 1,41,986 new covid19 cases in last 24 hours.#covid19 #covid19india #omicronvirus #omicroninindia'",0,neutral,0,0,0,0,0,
1479684260915120000,"#covid19: how many days did it take for the number of new #covid infections to touch the 1,00,000 mark in the three waves?#omicronvirus #omicroninindia ",-0.84118,negative,0,0,1,0,0,
1479670572422340000,#newsalert 7-day mandatory home quarantine for all international arrivals in india#covid19 #omicronindia #omicronvirus #omicron #omicronvarient ,0,neutral,0,0,1,1,0,
1479670572573340000,india crosses 150-crore covid-19 vaccination mark#indiafightscorona | #covid19 | #covid19india #07thjanr | #omicron | #omicronvariant #omicronvirus ,0,neutral,0,0,0,0,0,
1479670572745370000,#india took just 8 days to see #covid19 surge from 10k to over 1 lakh#omicronvarient #omicronvirus #omicronindia #omicronvariant #omicron_is_a_global_calamity #covid19india #covid_19 #india [NAME] ,0,neutral,0,0,0,0,0,
1479670573118600000,#india took just 8 days to see #covid19 surge from 10k to over 1 lakh#omicronvarient #omicronvirus #omicronindia #omicronvariant #omicron_is_a_global_calamity #covid19india #covid_19 #india [NAME] ,0,neutral,0,0,0,0,0,
1479684263813390000,"dr jayesh lele, hon secretary of indian medical association allays fear about current omicron surge in india. #omicron #omicronvirus #omicronindia #omicroninindia #omicronvariant #omicroncases #covid #covid19 #covid19india #covidwarriors #covid19 ",-0.682812,negative,0,0,0,0,0,
1479670573169100000,#india makes 7 days #quarantine mandate for #international arrivals.#coronaupdate #coronavirusupdates #omicroninindia #omicronvirus #omicronvariant ,0,neutral,1,0,0,0,0,
1479670573294770000,the latest guidelines for all international arrivals in india include a 7-day mandatory home quarantine#omicron #omicroninindia #omicronindia #omicronvarient #omicronvariant #omicronvirus #covid #covid19vaccine #vaccination #covidvariant #covid19 ,0,neutral,0,0,1,1,0,
1479670574100230000,"the list of at-risk countries from where travellers would need to follow additional measures on arrival in india, including post-arrival testing#omicron #omicroninindia #omicronindia #omicronvarient #omicronvariant #omicronvirus #covid19 #vaccination #covidvariant ",0,neutral,0,0,0,0,0,
1479670574867690000,all international arrivals to undergo 7-day mandatory home quarantine: government of india#omicron #omicroninindia #omicronindia #omicronvarient #omicronvariant #omicronvirus #covid #covid19vaccine #vaccination #covidvariant ,0,neutral,0,0,1,1,0,
1479670575366860000,covid update; 7-day home quarantine for all international arrivals in india#omicronvarient #omicronvirus #india #internationalarrivals #covid19 #omicron #homequarantine #india #travel #quarantine #pcrtest ,0,neutral,0,0,1,0,0,
1479684268003520000,centre issues guidelines#omicronvarient #omicronvirus ,-0.664869,negative,0,0,0,0,0,
1479670575651950000,just in: all international arrivals to undergo 7-day mandatory home quarantine: government of india. #omicronvirus #covid19 ,0,neutral,0,0,1,0,0,
1479670886340780000,news just in- home quarantine for all international travellers coming into india from at risk countries. day 8 test to determine protocols. #omicron #omicronvirus',-0.236768,negative,1,0,0,0,0,
1479670576314730000,#newsalert odisha reports india's second omicron death#odisha #omicronindia #omicronvirus #omicron #omicronvarient ,0,neutral,0,0,0,0,1,
1479670576482370000,don't underestimate the #omicronvarient it will collapse the entire health system said #who#coronavirus #india #omicronvirus ,0,neutral,0,0,0,0,0,
1479684272445400000,"1,17,100 new infection cases were reported in the country in 24 hours. 302 people lost their lives. cases of #omicron infection also reached beyond 3 thousand.#covid19 #coronavirus #omicronvirus #omicron #omicroninindia #india'",-0.922131,negative,1,0,1,0,0,
1479684276182380000,#covid19 pandemic: home secretary ajay bhalla calls for 'unified strategy' in delhi-ncr.#pandemic #omicronvirus #coronapositive ,-0.854096,negative,0,0,0,0,0,
1479684279785290000,tata's #covid19 test kit 'omisure' to detect #omicronvariant gets #icmr nod; to be priced at rs 250: here's all you need to know #omicronvirus #omicroninindia #coronaupdate #coronavirus #india #covid19testkit ,-0.467068,negative,0,0,0,1,0,
1479684289809810000,#who#omicron#omicronvirus#omicron_is_a_global_calamity#omicroninindia#covid#omicronvarientwhole world is under high risk.who is warning means 10x times faster spreed.prevention is better then cure.just 2 months.jai hind,-0.727447,negative,0,0,0,0,0,
1479670576805460000,india has reported two deaths due to the omicron variant so far#karnataka #omicronvirus #omicronvariant #omicroninindia ,0,neutral,0,0,0,0,0,
1479670577203840000,india's covid-19 cases set for new highs as omicron spreadsto read more: #omicron #omicronvirus #covid19india #covid19 #covid_19 ,0,neutral,0,0,0,0,0,
1479670577271110000,#omicron cases in india - 3007#omicroninindia #omicronvirus',0,neutral,0,0,0,0,0,
1479684291269320000,"covid:india reported 1,17,100 ne cases, 302 deaths in a day#covid19update #covid19india #omicronvirus #coronavirus | [NAME] | [NAME] ",-0.75729,negative,0,0,0,0,0,
1479670572665560000,"#india #reports 1,17,100 #fresh #covidcases30,836 recoveries302 #deathsantis last24hr#dailypositivity rate7.74%#activecases3,71,363 total recoveries3,43,71,845#death toll4,83,178 #totalvaccination149.66cr #omicron #omicronvirus #omicroninindia #omicronvirus [NAME]",0.316016,positive,0,0,0,0,0,
1479670785178540000,"as we all know, the omicron variant isspreading and so are its adverse effects. it's time we start taking care of ourselves, here aresome precautionary steps that we all should take andmake sure we are safe and healthy#omicronvirus #omicronvariant #vbmg#vaccinationeducation ",0.916355,positive,0,0,0,0,0,
1479670577162030000,"#delhi records over 15,000 fresh #covidcases in the last 24 hours. #weekendcurfew to start from tonight.#omicron #omicronvirus #covid19india #stopdefamingpunjab #delhicovid #fridaymotivation #supremecourt",0,neutral,0,0,0,0,0,
1479684293408420000,"what doesn't kill you, mutates and tries again wear a mask[NAME] [NAME] [NAME] [NAME] #covid19 #indiafightscorona #omicronvirus ",-0.675945,negative,0,0,0,0,1,
1479670578202160000,[NAME] waiting for [NAME] &amp; other anti india jihadists to blame [NAME] &amp; [NAME] [NAME] [NAME] [NAME] [NAME] [NAME] + nrc caa &amp; protest against #omicronvirus',0,neutral,0,0,0,1,0,
1479670578508270000,"wear mask, stay home, stay safe#pittakathalu #omicron #omicronvirus #omicroninindia #omicronvariant #covid19 #covid_19 #coronavirus #corona #coronaupdate #andhrapradesh #telangana #india #indiafightscorona ",0,neutral,0,0,0,0,1,
1479670579984830000,"with 1,17,100 fresh #covid19 cases, india touches 1-lakh mark again#omicron #omicroninindia #omicronindia #omicronvarient #omicronvariant #omicronvirus #covid #covid19vaccine #vaccination #covidvariant ",0,neutral,0,0,0,0,0,
1479670579972100000,"the deceased, identified as a 50-year-old woman, was suffering from a brain stroke#omicronvirus #omicron #omicronvariant #omicroninindia #omicrondeath ",0,neutral,0,0,0,0,0,
1479670580324400000,"the deceased, identified as a 50-year-old woman, was suffering from a brain stroke#omicronvirus #omicron #omicronvariant #omicroninindia #omicrondeath ",0,neutral,0,0,0,0,0,
1479670580827890000,"third wave! india's covid cases crossed 1 lakh landmark; omicron tallies at 3,007 #covid19 #covid19india #coronavirus #omicron #omicronvirus ",0,neutral,0,0,0,0,0,
1479684295375600000,"sir, please close medical colleges as we are more prone to tsunami of omicron.we are also child of someone, we do also can get covid and can die.please look towards it.[NAME] [NAME] #covid19'",-0.772778,negative,0,0,0,0,0,
1479670581033190000,"india registered a single-day rise of 1,17,100 new covid cases, a significant rise from the previous day's 90,928 cases, in a span of 24 hours, said the union ministry of health and family welfare on friday #indiafightscorona #delhicovid""",0,neutral,0,0,0,0,0,
1479670581842870000,"omicron surpassed 3,000 a total of 3,007 #omicron cases were reported in 27 states/uts of india so far. the number of persons recovered is 1,199: union health ministry #india #omicronvirus #omicronvirusupdate ",0,neutral,0,0,0,0,0,
1479684295686070000,"just like previous variants, omicron is hospitalising people and it is killing people,"" said who chief tedros adhanom. india reported 1,13,100 fresh covid19 cases, 302 deaths, in the last 24 hours.#omicron #omicronvirus #omicron_is_a_global_calamity #covid19 #covid19india ",-0.739906,negative,0,0,0,0,0,
1479670788181520000,"1.17 lakh fresh covid-19 cases in india, 28% higher than yesterday.#omicronvirus #covid_19 #covid19'",0.570873,positive,0,0,0,0,0,
1479684296852000000,"omicron is hospitalising, killing people: who chief tedros adhanom ghebreyesus [NAME] [NAME] [NAME] #coronavirusupdates #who #omicronvirus ",-0.549363,negative,0,0,0,0,1,
1479684298697580000,breaking: india logs 1.17 lakh covid-19 cases in last 24 hours with 302 deaths.#covid_19 #omicronvirus#covid #omicronvirus#covid19india #coronaupdate #coronavirus #indiafightscorona ,-0.88525,negative,1,0,0,0,0,
1479670582010520000,"3,007 cases of omicron have been reported across 27 states and uts#omicronvirus #omicron #omicronvariant #omicroninindia ",0,neutral,0,0,0,0,0,
1479670582040040000,"3,007 cases of omicron have been reported across 27 states and uts#omicronvirus #omicron #omicronvariant #omicroninindia ",0,neutral,0,0,0,0,0,
1479670582140620000,"""omicron may be less severe, but not \'mild\'.""#who #covid19 #omicron #omicronvirus #omicroninindia #omicronvariant [NAME] [NAME] #awazthevoice read the full story here",0,neutral,0,0,0,0,0,
1479670582287360000,"#omicronvirus live updates: india's #covid19 cases top 1 lakh after 7 months, up from 10,000 in just 8 days#healthcare#coronavirus",0,neutral,0,1,0,0,0,
1479684305144230000,"#coronavirus pandemic updates: #india logs over 1 lakh new cases, 302 fatalities in last 24 hours.#covid19 #pandemic #coronavirusupdates #omicronvirus ",-0.949148,negative,0,0,0,0,0,
1479684305911570000,"india reports 117,100 new coronavirus cases and 302 deaths in last 24 hours.total cases of omicron-3007maharashtra-876delhi-465#omicronvirus #covid19'",-0.627955,negative,0,0,0,0,0,
1479670582186750000,"india: covid cases have crossed 1,10,000 in a day mark #covid #omicronvirus #covid19 #india'",0,neutral,0,0,0,0,1,
1479684310961580000,"[NAME] cant trust #who statement anymore do u any evidence of #corona #omicronvirus ??every country facing economy issues due to fake #corona news in world, a lot poor ppl die due to high dose medicine, ppl lost jobs, family..[NAME] [NAME] [NAME] [NAME] [NAME] [NAME]",-0.907254,negative,1,0,0,1,0,
1479684316196220000,"[NAME] [NAME] cant trust #who statement anymore do u any evidence of #corona #omicronvirus ??every country facing economy issues due to fake #corona news in world, a lot poor ppl die due to high dose medicine, ppl lost jobs, family..[NAME] [NAME] [NAME] [NAME] [NAME] [NAME]",-0.926403,negative,0,0,0,0,0,
1479684322525260000,wondering why cases of #covid are growing so rapidly (growth rate 200%) in #bihar even as there is no trace of #omicronvirus infection. as per [NAME] update: bihar &amp; #jharkhand are safe from #omicron so far. ,-0.924927,negative,0,0,0,0,0,
1479670582295680000,"the country has reported 2,630 cases of the omicron variant of covid-19#omicron #omicronvirus #omicronvariant #omicroninindia ",0,neutral,0,0,0,0,0,
1479670788861080000,on 6th of january india records more than 1 lakh #covid19 cases so far. highest!! #omicronvirus',0.551292,positive,0,0,0,0,0,
1479684323468920000,"#india reported more than 100,000 new #covid19 cases today. the number is up by 700% from last week. #covid #omicronvirus #omicronvarient #coronavirus #covid19'",-0.74956,negative,0,0,0,1,0,
1479670793109790000,[NAME] [NAME] [NAME] [NAME] [NAME] [NAME] [NAME] [NAME] [NAME] [NAME] [NAME] [NAME] [NAME] [NAME] [NAME] [NAME] [NAME] [NAME] [NAME] thank you [NAME] it true that if you have taken 2 doses of #covishield - it is recommended that you take the 3rd #booster dose of #covaxin...?and - vice versa...?_____________#covidvaccine #omicronvirus #covid #covid19 #variant #thirdwave #vaccination #pune #india',0.513103,positive,0,0,0,0,0,
1479670582731960000,"omicron spreading in community, next 4 weeks critical: telangana govt #omicronvarient #coronavirus #omicronindia #covid_19 #hyderabad #omicronvirus #india #nightcurfew #nomorelockdowns #omicron #weekendcurfew #lockdown [NAME] [NAME] [NAME] ",0,neutral,0,0,0,0,1,
1479670799267160000,[NAME] what is the use of all those candle light march. whole india should thank god for saving them from [NAME] #modi political rallies &amp; ultimately for saving #punjab from the spread of the #omicronvirus which is spreading very fast.',0.944445,positive,0,1,1,0,0,
1479670582836740000,"stay home, stay safe, wear masks, avoid public gatherings#pittakathalu #lockdown #india #omicronvarient #omicronvirus #omicron #covid19 #coronavirus #indiafightscorona #covidvaccine #covid_19 ",0,neutral,0,0,0,0,0,
1479670582937590000,indian army issues revised guidelines for personnel as omicron cases surge [NAME] [NAME] #omicronvirus ,0,neutral,0,0,0,0,0,
1479684324802770000,biggest problem the country faces is of 'pm security breach'.lakhs getting infected with #omicronvirus can wait.,-0.956981,negative,0,0,1,0,1,
1479670583159920000,"telangana govt must boost testing, tracing to handle covid-19 third wave: congress#omicronvarient #coronavirus #omicronindia #covid_19 #hyderabad #omicronvirus #india #nightcurfew #nomorelockdowns #omicron #weekendcurfew #lockdown [NAME] ",0,neutral,0,0,0,0,0,
1479670583273140000,check out hindi news bulletin for today on jaano junction by pooja varma #omicron #omicronvariant #omicronvirus #indiacovidcases #punjabelection2022 #punjabgovernment #pmsecuritylapse #pmoindia #ferozepur #presidentofindia #italy #amritsar',0,neutral,0,0,0,0,0,
1479670583705090000,#valimai postponed due to #omicronvirus rapid spread in #india more power to #thala #ajithkumar fans #valimaiupdate #ajith #thalaajith #valimaipostponed #humaqureshi #covid19india ,0,neutral,0,0,0,1,1,
1479670583289770000,"#omicronvirus #masks #vaccination [NAME] [NAME] [NAME] [NAME] aam aadmi under "",janatha curfew"" netas partyingover 10,000 guests in 50 chartered flights for gadkari\'s daughter\'s wedding ",0,neutral,0,0,0,0,0,
1479684326467890000,- q10: do you think people have forgotten about the deaths and panic of the second wave within six months?#omicronvirus #omicronvariant #covid19vaccine ,-0.94697,negative,1,0,1,0,0,
1479670584044920000,- q9: should the #electioncommission ([NAME] tell all political parties to hold virtual rallies?#omicronvirus #omicronvariant #covid19vaccine ,0,neutral,0,0,0,0,0,
1479670584275430000,- q8: will you get the children in your family #vaccinated?#omicronvirus #omicronvariant #covid19vaccine ,0,neutral,0,0,0,0,0,
1479684330188330000,- q7: do you think the central government's decision to start #vaccination for children is the right idea?#omicronvirus #omicronvariant #covid19vaccine ,-0.623509,negative,0,0,0,0,0,
1479684331287160000,"- q6: official figures say about 2.5 lakh indians died during the second wave. in your opinion, what would be the actual number?#omicronvirus #omicronvariant ",-0.730148,negative,1,0,1,0,1,
1479684333455780000,"- q5: do you think indians are repeating the mistakes made before the #secondwave by holidaying, going to crowded markets, and attending rallies, weddings and other functions?#omicronvirus #omicronvariant ",-0.59309,negative,0,0,0,0,0,
1479670584510350000,- q4: who do you think was most responsible for #covid deaths during the second wave in april-may 2021?#omicronvirus #omicronvariant ,0,neutral,1,0,0,0,0,
1479684334042940000,"- q3: of late, have you been going to crowded marketplaces? if yes, how?#omicronvirus #omicronvariant ",-0.644634,negative,1,0,0,0,0,
1479670584564980000,"- q2: do you attend political rallies? if yes, would you still be attending such rallies given such a scenario?#omicronvirus #omicronvariant ",0,neutral,0,0,1,0,0,
1479684336576330000,- q1: do you think the #omicron wave is as dangerous as the #delta wave of april-may 2021?#omicronvirus #omicronvariant ,-0.621476,negative,0,0,1,0,0,
1479684338556060000,#covid19death: #odisha reports first #omicron death as a 45-year-old woman having no travel history succumbs #news #india #coronaupdate #omicronvirus #omicronvariant ,-0.974489,negative,0,0,0,0,0,
1479670802588920000,stay indoors! stay safe! visit us at #covid19 #omicronvirus #omicron #omicronvarient #thirdwave #omicronvariant #delhilockdown #delta #delhi #delhicovid #omicronindia #pandemic #healthcare #india #covid #nightcurfew #lockdown #weekendcurfew ,0.61422,positive,0,0,0,0,0,
1479670584774640000,omicron update | new omicron variant cases in india | is india in the 3rd wave of covid-19? #omicronvariant #omicronvirus #omicroninindia #omicronindia ,0,neutral,0,0,0,0,0,
1479670584829220000,states across india have started closing their schools and colleges due to the rising number of cases of the #omicronvirus .,0,neutral,0,0,1,0,0,
1479670585076500000,"india logs 90,928 new covid-19 cases#covid19 #coronaupdate #coronavirus #omicron #omicronvirus #delhicovid19 [NAME] #awazthevoiceread the full story here",0,neutral,0,0,0,0,0,
1479684340170770000,shocking...still #internationalflights coming...!?#india #airindia#covid19india #flights #coronaupdate#coronavirus #covid_19 #omicron #omicronvirus ,-0.831791,negative,0,0,0,1,1,
1479670585307400000,"country logs 495 omicron cases, 325 casualties#omicronvarient #omicronvirus ",0,neutral,1,0,0,0,0,
1479670802949750000,india sees a massive single day spike!the situation is getting real! here is an update from [NAME] for you!lets support one another!#coronaupdate #covid_19 #covid19india #omicron #omicronvirus #coronavirus #feedingfromfar ,0.799126,positive,0,0,0,0,0,
1479684343975060000,"#omicronscare: current situation is not feasible for poll rallies and roadshows, vk paul tells #electioncommission amid rising #covid19 cases #news #india #omicronvirus #omicronvariant #coronavirus #coronavirusupdate ",-0.784637,negative,0,0,0,0,0,
1479670585420510000,"#omicronvariant scare: third #covid wave has hit #maharashtra, says health expert. | [NAME] #coronaupdate #covid19india #omicronvirus ",0,neutral,0,0,1,0,0,
1479670586267860000,"here's everything you need to know about the pricing, availability and test timings of the #omisure test kit#omicronvirus ([NAME]",0,neutral,0,0,0,0,0,
1479670587223990000,india witnessing exponential rise in no. of covid cases; r naught value higher than 2nd wave peakto know more: #omicron #omicronvirus #omicronvirus #omicronindia #omicroninindia #covid19india #covid_19 ,0,neutral,0,0,0,0,0,
1479670886600900000,"90000 new #coronapositive cases yesterday in #india. r naught value at 2.6, which was 1.9 during peak of #secondwave in 2021. 2 of my doctor colleagues also infected with #coronavirus. #weraamask avoid #massgatherings. #omicronvirus is spreading very fast. #thirdwaveofcorona'",-0.411972,negative,0,0,0,0,0,
1479670587471490000,"#omicronsurge: centre asks 9 states, union territories to step up testing#news #india #coronavirus #covidisnotover #omicronvirus #omicroninindia ",0,neutral,1,0,0,0,0,
1479670587895120000,"there has been a surge in covid cases in india recently, along with the spread of omicron. here's what you need to know if you feel any symptoms of coronavirus #doctorverified #drsandeepbudhiraja #omicronvariant #omicronvirus ",0,neutral,1,0,1,0,0,
1479684345480810000,j-k govt imposes complete restrictions from 9 pm to 6 am#covid19 #coronaupdate #coronavirus #covid19india #srinagar #jammukashmir #lockdown #omicron #omicroninindia #omicronvirus #thirdwave [NAME] #awazthevoiceread the full story here,-0.613986,negative,0,0,0,0,1,
1479684351604310000,"#omicronvirus is acting like a robot in indiait's not attacking lakhs of people in political rallies no one has the answer""",-0.755471,negative,0,0,0,1,0,
1479670587970650000,"india reports 495 new omicron cases, tally reaches 2,630 #omicronvirus #omicroninindia [NAME] ",0,neutral,0,0,0,0,0,
1479670588524220000,"[NAME] mall , cinemas , auditorium , entertainment park , schools , colleges , coachings , public gathering placeabove all should be closed[NAME] #covid19 #omicronvirus [NAME] [NAME] [NAME] [NAME] #rajpolice #alldistrictcollectors'",0,neutral,0,0,0,0,0,
1479670803104940000,the prime minister of india should declare a health emergency in the nation and make healthcare free of cost for all. #india #healthcare #data #health #covid #narendramodi #primeministerofindia #omicronvirus #omicronvarient #omicroninindia [NAME] [NAME] [NAME],0.802639,positive,0,0,0,0,0,
1479670588591460000,the scientists had warned governments in october 2021 to take necessary steps in controlling covid-19. #india #healthcare #data #health #covid #narendramodi #primeministerofindia #omicronvirus #omicronvarient #omicroninindia [NAME] [NAME] [NAME],0,neutral,0,0,0,0,0,
1479684352577620000,the government of india has failed to take data-oriented decisions. #india #healthcare #data #health #covid #narendramodi #primeministerofindia #omicronvirus #omicronvarient #omicroninindia [NAME] [NAME] [NAME],-0.658604,negative,0,0,0,0,0,
1479684356356590000,"""you reap what you sow"". it\'s sad to see how few people\'s stupidity can put the whole #kolkata at risk. when ignorance takes over common sense, the mess is inevitable. india is full of #covidiots but how could govt be so lax &amp; short-sighted?#omicronvirus ",-0.983236,negative,0,0,0,0,0,
1479670588373290000,wear masks &amp; be safe #pittakathalu #omicronvirus #omicron #omicronvarient #india #indiafightscorona #apfightscorona #telanganafightscorona #andhrapradesh #telangana #corona #coronavirus #covid19 ,0,neutral,0,0,0,0,0,
1479670588306300000,#india reports 2630 cases of new covid variant #omicron till nowlive updates: #omicronvarient #covid_19',0,neutral,0,0,0,0,0,
1479670589577110000,union home secretary [NAME] to hold a review meeting this evening over rising cases of #covid19 in the country:ani quoted as sources#omicron #omicroninindia #omicronindia #omicronvarient #omicronvariant #omicronvirus #covid #covid19vaccine ,0,neutral,0,0,0,0,0,
1479684359040890000,"no lockdown, will set up open jails for covid protocol violators: mp govt#omicron #omicronvirus #covid19 #madhyapradesh ",-0.669814,negative,0,0,0,0,0,
1479670589598190000,"the case of omicron cronavirus is increasing in india and on this video, kolkata police is on full alert while performing its duty #india #kolkatapolice #omicronvirus ",0,neutral,0,0,1,0,0,
1479684362882970000,"india reported 90,928 fresh #covid19 cases in the last 24 hours, 56% higher than wednesday's 58,097. delhi recorded 10,665 cases, almost double, in last 24 hours. #omicron #omicronvirus #omicronvariant #covid_19 #delhicovid""",-0.459889,negative,0,0,0,0,0,
1479670589904330000,"india logged record surge of 90,928 new cases; omicron tallies at 2,630 #covid19 #coronavirus #coronavirusupdates #omicron #omicronvirus ",0,neutral,0,0,0,0,0,
1479670589929490000,"covid-19 | no science behind night curfews, says who chief scientist soumya swaminathan#covid_19 #omicronvirus ",0,neutral,0,0,0,0,0,
1479670891621480000,#covid_19 follow protocol is the only option to protect ourselves [NAME] #omicronvirus #covid19india #sms (sanitizer mask social distance) ,-0.337091,negative,0,0,0,0,0,
1479684365722390000,"look at this exponential growth of covid cases in india past 10 days , scary graphical presentation ..everyone be very safe [NAME] [NAME] [NAME] #covid19india #coronaupdate #coronavirus #corona #covid19india #covid_19 #virus #omicron #omicronvirus #india ",-0.91972,negative,0,0,1,0,0,
1479684366544490000,"india records massive surge in covid cases, reports 90,928 new infections in last 24 hours #omicroninindia #omicronindia #omicronvarient #omicronvariant #omicronvirus #covid #covid19vaccine #vaccination #covidvariant ",-0.942959,negative,1,0,0,0,0,
1479670590214700000,first death due to omicron variant in india #omicroninindia #omicronvirus #omicron #omicronvarient ,0,neutral,0,0,1,0,1,
1479670892892280000,"my society, just half of its capacity occupied, has reported 6 cases in 5 days. last 5 cases in 2 days. it's spreading way too fast. it doesn't look spread but a blast.mask up india#omicronvirus #covid19india""",-0.379336,negative,1,0,1,0,0,
1479684369098800000,"india reported 90,928 fresh #covid19 cases, over 56 per cent higher than the previous day's cases. in order to deal with the surge, the government is speeding up vaccination drives across the country. #covid19india #omicronvirus #coronaupdate ",-0.663102,negative,0,0,0,0,0,
1479684385687270000,"india records 90,928 new covid-19 infections, 325 deaths in past 24 hours; daily positivity rate at 6.43% #covid19 #coronavirus #covid19pandemic #omicronvirus #omicron ",-0.80773,negative,1,0,0,0,0,
1479670803620790000,#breakingnews | public entry to the daily retreat ceremony at the #attari-#wagah border front along pakistan in #punjab stopped by the #bsf with immediate effect in view of surge in #covid19 cases. #covid_19 #omicron #omicronvirus #india ,0.495871,positive,0,0,0,0,0,
1479684386756900000,"stay safe 90,928 new cases india in last 24hours325 deaths yesterday 58k#omicronvirus #covid19 ",-0.790179,negative,0,0,0,0,0,
1479670590495600000,"third wave: india crosses 90,000 mark#thirdwave #omicronvirus #omicronindia #coronavirus #coronavirusupdates #news #updates #alert read more at: ",0,neutral,0,0,0,0,0,
1479670590596420000,"90,928 new covid-19 cases in last 24 hours in india #covid19 #coronavirus #omicronvirus #indiacovid19 ",0,neutral,0,0,0,0,0,
1479670590663320000,#aktuexampostpone #aktuclosecolleges #postponesemesterexam[NAME] [NAME] [NAME] [NAME] [NAME] [NAME] [NAME] #omicronvirus is fastly spreed in the delhi ncr then i request to [NAME] all aktu college and exam postpone .',0,neutral,0,0,0,0,1,
1479670590680270000,#explained: how serious is the infection caused by #omicron variant of #covid19?#omicronvariant #omicron#omicronvirus #thirdwave #coronavirusupdates [NAME] ,0,neutral,0,0,0,0,0,
1479670590718060000,"delhi bed occupancy goes up as india reports over 90,000 cases#delhi #omicronvirus #omicron #india #maskup ",0,neutral,0,0,0,0,0,
1479684386824110000,"06-01-2022 thursdayindia reports 90,928 fresh covid cases, 19,206 recoveries, and 325 deaths in the last 24 hours.. yesterday it was 58097[NAME] #indiacovid#indiacorona #coronavirus #coronaupdate #chennaicorona #omicronvirus'",-0.75868,negative,1,0,1,0,0,
1479684393677370000,"covid cases are rising again.people don't care about covid anymore,then why medas and government trying so hard to freak out people? if india is still suffer like last 2 waves then what was the purpose of vaccination drama? what was they injected on us? #omicronvirus #covid19""",-0.865014,negative,0,0,1,0,1,
1479670591359750000,india's first #omicron death reported in #rajasthan: union health ministry confirms #omicronvirus #omicronvariant #pandemic #coronavirusupdates #covid19 ,0,neutral,0,0,0,0,0,
1479684394965160000,"the #omicronvirus threat is real! please take it seriously! stay at home. take necessary precautions, stay safe!! #omicron #india'",-0.525669,negative,0,0,0,0,1,
1479670591435290000,#gurugram: mobile teams to keep tabs on #covid_19 patients in home isolation.#omicronvirus #coronaupdate #covidvariant ,0,neutral,0,0,0,0,1,
1479684395405640000,five-fold increase in covid-19 cases in #telangana triggers alarm#omicronvarient #coronavirus #omicronindia #covid_19 #hyderabad #omicronvirus #india #nightcurfew #nomorelockdowns #omicron #weekendcurfew #lockdown [NAME] [NAME] [NAME] [NAME] ,-0.664707,negative,0,0,0,0,0,
1479670591825510000,"covid hospitalisation across country sees sharp rise, but most cases mild via [NAME] #covid19 #covid_19 #covidvariant #omicron #omicronvirus'",0,neutral,0,0,0,0,1,
1479684398077320000,#breaking : more than 2.5 million new cases reported worldwide in last 24 hours. this is the highest numbers since starting of the pandamic.india reported approx 90k new cases.#covid19 #chinesevirus #omicronvirus',-0.699665,negative,0,0,0,0,0,
1479684399520120000,"corona update ( 5/1/2022 ) india reported more than 90,000 new corona cases in last 24 hoursstay home stay safe#coronavirus #coronaupdate #coronavirusupdates #coronapositive #corona #covid_19 #covid19 #omicron #omicronvirus #omicronindia #omicronvarient #ihuvariant #ihu ",-0.763511,negative,1,0,0,0,1,
1479684399968960000,#omicronvirus invented in #southafrica because of this #omicron cases are increasing in #india and still #indvssa match is going on in #southafrica ..really shame on [NAME] #bcci #coronavirus #omicronindia #staysafe',-0.704307,negative,0,0,0,1,0,
1479670577187020000,public entry to the daily retreat ceremony at the #attari-#wagah border front along pakistan in #punjab stopped by the #bsf with immediate effect in view of surge in #covid19 cases. #covid_19 #omicron #omicronvirus #india ,0.310866,positive,0,0,0,0,0,
1479670591649110000,"seeing the #coronavirus wave trend, it's likely that #india will see two #covid_19 waves in year 2022. one during january - february and then again during september to november.#coronaupdate #coronavirusupdates #omicronvirus #delta #covid_19 #covid""",0,neutral,0,0,1,0,0,
1479670591804170000,"with omicron, next 2 weeks are crucial; a minor infection might turn into severe disease anytime: medical expert #omicroninindia #omicronvariant #omicronvirus ",0,neutral,0,0,1,0,0,
1479670811111960000,"3rd vaccine must be the same as the first two; uk, where many received the astrazeneca shot (covishield), is offering mrna booster shots to counter omicron[NAME] #omicronvirus #omicronvarient ",0.484584,positive,0,0,1,0,0,
1479684406826600000,"[NAME] if the gap between two waves is less, the chance of iceberg phenomenon is less. below is the epicurve of india, so i have an assumption that something was running in the background in december. people became more concerned after #omicronvirus, voluntary testing increased. ",-0.826023,negative,0,0,1,0,0,
1479684413223050000,"#flights from #australia, #canada, #france, #india, pakistan, the #philippines, #uk and #us will be banned from midnight on january 7, for the next 2 weeks.[NAME] [NAME] [NAME] [NAME] [NAME] [NAME] #omicronvirus ",-0.690134,negative,0,0,0,0,1,
1479670591946850000,#thailand had announced that fully vaccinated travelers could visit the country without any quarantine or sandbox. thailand had reopened its borders for fully vaccinated #tourists from over 60 low risk countries including #india . but now .....#omicronvirus ,0,neutral,0,0,0,0,0,
1479684413894000000,"it's my humble request to [NAME] ,[NAME] ,[NAME] ,[NAME] because of raising corona virus cases again in india and in our state also.so please start online classes again for the safety of students.#omicronvirus #covid_19#closeschoolsandcolleges""",-0.761454,negative,0,0,0,0,0,
1479670896096910000,at least 28 districts in india are reporting more than 10 per cent weekly positivity rate and 43 districts are reporting a weekly positivity rate between 5 per cent to 10 per cent. #covid19 #omicronvirus | [NAME] |,-0.349007,negative,0,0,0,0,0,
1479684420248340000,the [NAME] on wednesday confirmed the first #omicron-related death in #india. a 73-year-old man from the western state #rajasthan succumbed to the infection.#rajasthan [NAME] #omicronvirus ,-0.636594,negative,0,0,0,0,0,
1479670592152510000,#worldnews: british prime minister boris johnson on wednesday recommended to his cabinet that england does not need to impose further lockdown restrictions as he hopes to ride out the omicron wave of covid-19.#omicron #covid_19 #omicronvirus ,0,neutral,0,0,0,0,1,
1479684420466620000,[NAME] i was wondering why the [NAME] has not yet started verbal diarrhoea about #omicronvirus in india... here you go...',-0.892843,negative,0,0,0,0,0,
1479670592580110000,"india reports 83,996 new covid #covid_19#souravganguly#doctorsstrike #nightcurfew #omicronvirus ",0,neutral,0,0,0,0,0,
1479670592764730000,india's first #omicron death reported in #rajasthan: union health ministry confirms #omicronvirus #omicronvariant #pandemic #coronavirusupdates #covid19 ,0,neutral,0,0,0,0,0,
1479684421259300000,india impose #nightcurfew to tackle #omicronvirus as if the scientific research suggests #omicron is a nocturnal virus and super active at night mostly at the nightclubs. probably the advisors to the gov. of india know better. ,-0.561098,negative,0,0,0,0,0,
1479670592945190000,#breaking: rajasthan home department releases new guidelines amid increasing omicron cases #rajasthan #omicronvirus #omicron #india #covid19 #coronavirus ,0,neutral,0,0,0,0,0,
1479670593133980000,#breaking: rajasthan home department releases new guidelines amid increasing omicron cases #rajasthan #omicronvirus #omicron #india #covid19 #coronavirus ,0,neutral,0,0,0,0,0,
1479670906502970000,"albeit in india its #3rdwave, but for #delhi ( according to its government claim) its 5th wave. . wondering ! #covid_19 #nightcurfew #covid19 #omicronvirus #omnicron #omnicronvariant'",-0.282685,negative,0,0,1,0,0,
1479670593616100000,todays india total cases might cross 70k easily #omicronvirus #thirdwave',0,neutral,0,0,1,0,0,
1479684426879490000,#covid-19: india reports first death due to #omicronvariant in #rajasthan#omicronvirus#omicron#aktustudentslivematters #hospital #corona #india [NAME] [NAME] [NAME] ,-0.616796,negative,0,0,0,0,1,
1479670594983450000,covid-19: india reports first death due to omicron variant in rajasthan #omicronvirus #rajasthanwithfirstindia',0,neutral,0,0,0,0,1,
1479670595042350000,world: hong kong bans flights from 8 countries including india after omicron outbreak #hongkong #omicronvirus ,0,neutral,0,0,0,0,0,
1479670579171040000,"now that many states in india are experiencing/ about to experience the 3rd wave, please tell me has the first wave ended yet in kerala?asking for a friend who wants to join isis.#kerala #covid19 #covid_19 #omicron #omicronvirus #keralamodel'",0.417758,positive,1,0,1,0,0,
1479684429165510000,increase in covid cases in telangana triggers alarm of 3rd wave #omicronvarient #coronavirus #omicronindia #covid_19 #hyderabad #omicronvirus #india #nightcurfew #nomorelockdowns #omicron #weekendcurfew #lockdown [NAME] [NAME] [NAME] [NAME] ,-0.656985,negative,0,0,0,0,0,
1479670595008830000,"covid in mumbai 15,166 new covid cases in mumbai today #mumbaipolice #omicronvirus #omicronvariant #omicron_is_a_global_calamity #covid_19 #covidindia #covid19 #covid #coronaupdate #coronavirus #coronavirusupdates #bmc #mumbainews #india #news'",0,neutral,0,0,0,0,0,
1479684431237500000,"#watchvideo: #thirdwavestrikes as #india reports 58,097 fresh cases, 534 deaths in the last 24 hours #news #india #thirdwaveofcorona #omicronvirus #omicronvariant ",-0.897819,negative,0,0,0,0,0,
1479670582228630000,"we recommend that everyone wear a mask, keep a safe distance from others, sanitize their hands, and be safe.::#omicron #omicronvirus #virus #infectious #infectioncontrol #symptoms #detection #vaccinesafetyadvocate #precautions #precautionarydose #precautionarymeasures #india ",0.356805,positive,0,0,0,0,0,
1479684434202970000,"#covid19: #delhi logs 10,665 fresh cases, 8 deaths in last 24 hours; positivity rate rises to 11.88%#omicronvirus #covid_19 ",-0.521808,negative,0,0,0,0,0,
1479670595289810000,let us give wide publicity to approved test kits [NAME] [NAME] [NAME] so that unscrupulous elements don't cash in #omicron #omicronvirus #covid_19 #covid19 ,0,neutral,0,0,0,0,0,
1479670595877010000,"the country has 2,135 cases of omicron infection, the most in maharashtra with 653 cases, followed by delhi with 464 cases.#omicron #covid_19 #covidcases #thepapr #case #coronacseupdate #omicronvirus #omicroncaseupdate #lockdown #redzone #yellowzone #goverment #india ",0,neutral,0,0,0,0,0,
1479684434475550000,[NAME] [NAME] but a gathering of hundreds inside a hall at #kgmu #lucknow #uttarpradeshelections2022 #uttarpradesh #uttarpradeshnews #india #indiafightscorona is scheduled the day after tomorrow when #omicronvirus #omicronvariant is spreading.no guidelines have been issued in this respect. ,-0.79985,negative,0,0,0,0,0,
1479670596283810000,8 fold increase in total india cases ...uk to 58k...will hit 1 lakh by sunday...brace for impact...stay safe folks...don't take things lightly....covid effects different ppl in different ways..i am still not 100% recovered even after 5 months of recovery #omicronvirus #covid_19 ,0,neutral,0,0,0,0,1,
1479670596636220000,"first #omicron death reported in #rajasthan's #udaipur, confirms #unionhealthministry #omicronvirus #omicronvariant #newvariant #news #india ",0,neutral,0,0,0,0,0,
1479670596711680000,indias first omicron death reported in rajasthan. #omicron #omicronvirus #covid19 #rajasthan ,0,neutral,0,0,0,0,1,
1479684439357750000,"#omicron scare: #tamilnadu govt announces 10 pm to 5 am #nightcurfew starting tomorrow, full #lockdown on sundays#covid_19 #omicronvirus #lockdownindia ",-0.472166,negative,0,0,0,0,0,
1479670596866920000,#newsrail: india reports first death from omicron in rajasthan #omicron #omicronvirus #rajasthan #covid19',0,neutral,0,0,0,0,0,
1479670811233500000,#my view closing today #sbin 492#icici 788 happy ending #stockmarket #stocks #stockmarketindia #nifty50 #niftybank #india #news #cnbctv18market #bitcoin #investing #investment #stockstobuy #niftyfuture #coronaupdate #omicronvirus ,0.780005,positive,0,1,0,0,0,
1479670597806290000,hong kong is reimposing some of its toughest covid-19 restrictions across the board#omicronvirus #omicronvarient #omicron ,0,neutral,0,0,0,0,0,
1479670597877520000,#omicronvirus | 108 omicron-related deaths reported globally so far: ministry of health#omicronvariant #covid19 [NAME] ,0,neutral,0,0,0,0,0,
1479670814903520000,"to stay safe in the fight against covid-19, mask up india!#indiafightscorona #omicron #omicronvirus #omicronindia ",0.573115,positive,0,0,0,0,1,
1479670598158610000,30 staff members at #bihar #cm's residence test positive for #covid19 [NAME] (law kumar mishra)#coronavirus #coronavirus #omicronvariant #omicronvirus #news #india #coronavirusupdates #coronaviruspandemic ,0,neutral,0,0,0,0,0,
1479684443489160000,india reports a rise in omicron cases.be ready to fight omicron!!#coronavirus #healthcare #covid19 #omicron #omicronvirus #covid #safe #thirdwave #tnlockdown #vaccine #digiott #virus #lockdown ,-0.763675,negative,0,0,0,0,1,
1479670598670290000,covid-19 spike: gujarat hc bans entry of general public into its premises#omicron #omicronvirus #coronavirus,0,neutral,0,0,0,1,0,
1479670599223890000,"#watchvideo: dr ashish khattar talks about #thirdwave, #omicron &amp; #hospitalization #omicronvirus #omicroninindia #thirdwaveofcorona #coronavirusupdates #coronapositive #covid_19 #india #firstwave #secondwave #coronaviruspandemic ",0,neutral,0,0,0,0,1,
1479670599165300000,"single-day covid surge recorded at over 58,000#omicron #omicronvirus ",0,neutral,1,0,0,0,0,
1479684447553340000,plz ban political rallies in uttar pradesh.no one follows covid protocols..are we waiting fr worse scenario?[NAME] [NAME] [NAME] [NAME] #omicronvirus ,-0.910101,negative,1,0,0,0,0,
1479670816388250000,"the country is yet to approve the use of [NAME] intranasal vaccine, #bbv154. #covid19 | #omicronvirus ",0.774441,positive,0,0,0,0,0,
1479670599081280000,omicron surge: hc asks govt to consider early re-testing of covid-19 positive international travellers#law #latest #latestlaws #legalnews #india #indiannews #news #legal #omicronvariant #omicronvirus #international #traveling #covid19 #covid_19 ,0,neutral,0,0,0,0,0,
1479670599446400000,covid-19 3rd wave awareness.omicron variant in india 2022 explained by dr. gaurang krishna md......#covid_19 #omicronvarient #omicronvirus #covid19 ,0,neutral,0,0,0,0,0,
1479670599853160000,"india reports 58,097 fresh covid-19 cases, 534 deaths#omicron #omicroninindia #omicronindia #omicronvarient #omicronvariant #omicronvirus #covid #covid19vaccine #vaccination #covidvariant ",0,neutral,0,0,0,0,0,
1479684452531850000,"omicron variant has the potential to pull back the smart recovery witnessed, since the decline of the deadly second wave, india ratings has said.#omicron #omicroninindia #omicronindia #omicronvirus #covid #covid19vaccine #covidvariant #covid19 ",-0.479165,negative,0,0,0,0,0,
1479670601270780000,"covid-19: india reports nearly 2,000 omicron casesto know more: #omicronindia #omicron #omicronvirus ",0,neutral,0,0,0,0,0,
1479670601212210000,india reports 2135 cases of new covid variant omicron till now #india #omicron #omicronindia #omicronvirus',0,neutral,0,0,0,0,0,
1479670601530930000,cm #yogiadityanath informed in the meeting that genome sequencing has confirmed 23 cases of the #omicronvariant in the state. #omicronvirus ,0,neutral,1,0,1,0,0,
1479684453739850000,"#covid19 cases in india shoot up to 6 times in 9 days58,097 cases in last 24 hours from 9,000 on dec 8. #covid19 #covidvariant #omicron #omicronindia #omicronvirus #omicroninindia #coronavirus #corona'",-0.816415,negative,0,0,0,0,0,
1479684455170250000,"the fresh infections are over 20,000 higher than the tally of 37,123 recorded on monday. #covid19 | #omicroninindia | #omicronvirus ",-0.863788,negative,0,0,0,0,0,
1479670824571390000,"france : 5,591australia : 2,765estonia : 2,497israel : 2,336singapore : 2,251thailand : 2,062india : 2,042south africa : 1,894slovenia : 1,418south korea : 1,318japan : 993spain : 973switzerland : 926#omicron #omicronvarient #covid19 #omicronvirus'",0.715284,positive,0,0,0,0,0,
1479684456348740000,"over 2,000 #omicron cases detected in india so far. more than 58,000 new #covid_19 cases reported in the last 24 hours.#omicronvirus ",-0.808847,negative,0,0,0,0,0,
1479670601547750000,#telangana high court reverts to virtual hearing as #covid cases soar#omicronvarient #coronavirus #omicronindia #covid_19 #hyderabad #omicronvirus #india #nightcurfew #nomorelockdowns #omicron #weekendcurfew #lockdown [NAME] [NAME] [NAME] [NAME] ,0,neutral,0,0,0,0,0,
1479670601841270000,sharp spike in #telangana #covid cases #omicronvarient #coronavirus #omicronindia #covid_19 #hyderabad #omicronvirus #india #nightcurfew #nomorelockdowns #omicron #weekendcurfew #lockdown [NAME] [NAME] [NAME] [NAME] ,0,neutral,0,0,0,0,0,
1479670602323550000,"the number of cases of the highly transmissible #omicronvariant of #covid19 has touched 1,892 in #india.#omicronvirus #covid19omicron [NAME] [NAME] ",0,neutral,1,0,0,0,0,
1479684459104380000,"the way i see people behaving irresponsibly. #india will create a new record for the number of cases. so, please #maskup properly. get #vaccinated &amp; avoid travels and touch. don't take it lightly. #beresponsible #covid19 #covid_19 #omicron #omicronvirus #omicroninindia""",-0.597866,negative,0,0,0,0,0,
1479684463395220000,"[NAME] [NAME] you just read it very carefully will understand the level of educations and mentalities of every ssr bot+bjp it cells""...sameer will wipe out #omicronvirus from india oh godbunch of brainless made up ssr fan clubs ",-0.512122,negative,0,0,0,0,0,
1479684462522740000,"[NAME] request to elections commissioner, india to postpone the coming states elections in 5 states of up, punjab, utrakhand, manipur and goa considering the #omicronvirus third wave in country. give it a serious thought. holding the election can be dangerous. #elections'",-0.685295,negative,0,0,1,0,0,
1479670602327900000,"the government on monday had decided to close all stadiums, parks, gyms, swimming pools, tourist destinations till further order#omicron #omicronvirus #covid #coronavirus",0,neutral,0,0,0,0,0,
1479684467128080000,"when #covid19 cases rise, schools must be the last to close: activists#omicronvirus #omicronvariant #omicron #covid #coronapositive #coronavirus #schools #school #children #educationnews ",-0.540456,negative,0,0,0,0,0,
1479684467472080000,"the number of cases of the highly transmissible #omicronvariant of #covid19 has touched 1,892 in india.[NAME] #omicronvirus ",-0.745654,negative,1,0,0,0,0,
1479670824864990000,covid update: covid cases surge in india while delhi cm kejriwal tests positive..#covid_19 #covid #delhicovid #delhifightscorona #oneworldnews #omicron #omicronvirus #arvindkejriwal ,0.495109,positive,0,0,0,0,0,
1479670602373990000,#delhi govt asks all schools to upload covid vaccination status of students daily#covid_19 #vaccination#omicronvirus india ,0,neutral,0,0,0,0,0,
1479670602550150000,mumbai is already heading for lockdown. hospitalization has increased. #omicron #omicroninindia #omicronvirus #india #coronavirus #covid19 #covid_19 ,0,neutral,0,0,1,0,0,
1479670602562730000,#04thjanr #covid19 #omicron #omicronvariant #omicronvirus india reports a rise in omicron cases ,0,neutral,0,0,0,0,1,
1479684469460120000,#bmc issues fresh guidelines for sealing of buildings in #mumbai amid rising #covid19cases [NAME] #news #india #coronavirus #omicronvirus #omicronvariant ,-0.787186,negative,0,0,0,0,0,
1479670824869230000,[NAME] [NAME] [NAME] [NAME] [NAME] we should thanks each ir team &amp; govt for often fooling us ... thank for gifting us each with #omicronvirus [NAME] [NAME],0.982787,positive,0,0,0,0,0,
1479684475453850000,"over 37,379 fresh covid19 cases registered in india in last 24 hrs, positivity rate at 3.24%#covid_19 #covid19 #covidvariant #covidindia #coronavirus #coronavirusupdates #omicronvarient #omicronvirus #omicroninindia ",-0.68523,negative,0,0,0,0,0,
1479670826882320000,8 best uv sterilizers or sanitizers in india - worth buying (2022)how does uv sterilizer work why to buy it types of uv sterilizers read here - #omicronvirus #sanitizer #staysafe #bestbuy #candytech ,0.611886,positive,0,0,0,0,0,
1479670828794920000,#fpjedit: a sincere approach will help the country in escaping the serious consequences of #omicron #omicronvirus #news #india #deltavariant #newvariant #omicronvariant ,0.496511,positive,0,0,0,0,0,
1479670602403300000,"india reports 37,379 new covid-19 cases in last 24 hrs, daily positivity rate at 3.24 pc#newsalert #covid_19 #covid19 #omicronvirus #omicronvariant #covidindia ",0,neutral,0,0,0,0,0,
1479670603074440000,"""india reports a rise in #omicronvirus cases"" ",0,neutral,0,0,0,0,0,
1479684479874650000,"india's today report after new year speed spreading virus all over india. so lockdown announcement may be jan 10th mela kadumaya irukalam.... please vote #omicronvirus this situation #valimai release...?""",-0.75558,negative,0,0,0,0,0,
1479670906561730000,"the positivity rate in #goa stands at 10.7%. a #nightcurfew has been imposed, while #schools and #colleges will remain shut.#omicronvarient #omicronvirus #nomorelockdowns #arvindkejriwal #delhi #worldbrailleday #covid_19 ",-0.260214,negative,0,0,0,0,0,
1479670829638100000,the india capital in delhi chief minister #arvindkejriwal tested positive for #covid19 prayar them god speedy recovery#omicronvirus ,0.918815,positive,0,0,0,0,0,
1479684482579920000,"in another significant single-day spike amid the ongoing resurgence, india logged 37,479 new covid-19 cases in a span of 24 hours #coronavirus #omicronvirus'",-0.610363,negative,0,0,0,0,0,
1479684483204790000,"[NAME] atleast [NAME] [NAME] [NAME] [NAME] [NAME] these big companies should come forward and promote wfh work culture due to increase in number of #omicronvirus #covid_19 cases in india , so other small it companies follow these &amp; avoid call emp to office.'",-0.817632,negative,0,0,0,0,0,
1479670604844440000,"india's covid cases surged to 37,379; omicron tally jumps to 1,892 #covid_19 #covid19 #omicronvirus #omicroninindia #omicronvariant ",0,neutral,0,0,0,0,1,
1479670605297290000,#explained: how serious is the infection caused by #omicron variant of #covid19?#omicronvariant #omicron#omicronvirus #thirdwave #coronavirusupdates [NAME] ,0,neutral,0,0,0,0,0,
1479670605347580000,no lockdown or night curfew in telangana: health director g srinivasa rao #covid #omicronvarient #coronavirus #omicronindia #covid_19 #hyderabad #omicronvirus #india #nightcurfew #nomorelockdowns #omicron [NAME] [NAME] [NAME] [NAME] ,0,neutral,0,0,0,0,0,
1479670831043120000,"france : 5,591estonia : 2,497israel : 2,090australia : 1,946india : 1,917south africa : 1,894singapore : 1,813thailand : 1,780slovenia : 1,418south korea : 1,318spain : 882belgium : 828sweden : 817#omicron #omicronvarient #covid19 #omicronvirus'",0.587607,positive,0,0,0,0,0,
1479670605960010000,harish rao launches covid-19 vaccination for 15-18 years age group at banjara hills - inn photos[NAME] [NAME] #covid #omicronvarient #coronavirus #omicronindia #covid_19 #hyderabad #omicronvirus #india #nightcurfew #nomorelockdowns #omicron #covid19 #telangana ,0,neutral,0,0,0,0,0,
1479684484228430000,traders upset as hyderabad's #numaish is temporarily closed in view of rising covid-19 cases #covid #omicronvarient #coronavirus #omicronindia #covid_19 #hyderabad #omicronvirus #india #nightcurfew #nomorelockdowns #omicron [NAME] [NAME] [NAME] [NAME] ,-0.927545,negative,0,0,0,0,1,
1479670606194900000,"telangana schools, colleges closed from jan 8 to 16 due to covid #omicronvarient #coronavirus #omicronindia #covid_19 #hyderabad #omicronvirus #india #nightcurfew #nomorelockdowns #omicron [NAME] [NAME] [NAME] [NAME] ",0,neutral,0,0,0,0,0,
1479684490234450000,night curfew or #lockdown not a solution: #telangana health dept #omicronvarient #coronavirus #omicronindia #covid_19 #hyderabad #omicronvirus #india #nightcurfew #nomorelockdowns #omicron [NAME] [NAME] [NAME] [NAME] ,-0.637511,negative,0,0,0,0,1,
1479670606140420000,hats off to the creator!! #covid_19 #india #omicronvarient #omicronvirus #omicronindia #wfh #itjobs ,0,neutral,0,0,0,0,0,
1479684495116680000,[NAME] [NAME] cases r increasing badly. close al mrkts immediately to save ppl. sincere steps 2 b taken now #omicron #omicronvirus #coronavirus #coronaupdate #delhi #aap #delhifightscorona #delhicovid #omicronvariant #closethedoor #news #india #pmmodi #pmo',-0.925382,negative,1,0,0,0,0,
1479670606513590000,"west bengal schools, colleges shut amid rising covid-19 cases #covid #omicronvarient #coronavirus #omicronindia #covid_19 #telangana #hyderabad #omicronvirus #india #covidvaccine #nightlockdown #nightcurfew #westbengal ",0,neutral,0,0,0,0,1,
1479670606656410000,i would like to request [NAME] [NAME] [NAME] and others to promote it. i think it will help our nation. #covid19 #omicronvirus #india',0,neutral,0,0,0,0,0,
1479670607415500000,"4,099 new covid cases in delhi; omicron in 81% of samples tested#india #delhi #omicroninindia #omicronvirus #omicron #covidvariant #covid19 #covid #breaking #breakingnews'",0,neutral,0,0,0,0,0,
1479670831856770000,[NAME] [NAME] best officer sameer wankhede . he is the only genuine officer who can perfectly wipe out all the #omicronvirus from india. all the best #sameerwankhede sir . boycott all the brands of bollywood. #boycottbollywood #boycott83 #boycottbollywoodforever',0.58044,positive,0,0,0,1,0,
1479670908277210000,"moment of truth: indias obsolete vaccine stocks are pilling- lets use them on teens , talibans and counties who doesnt understand the difference. lets earn money at least! #omicronvirus need a different vaccine, what do we do with the old stocks?'",-0.325606,negative,0,0,0,0,0,
1479670930028870000,"diesel sales rise, but omicron risk looms movement of diesel-consuming trucks in india picked up in december as more fruits and vegetables were transported across the country than usual that month #truckdriver #omicronvirus ",-0.417844,negative,0,0,0,0,1,
1479670833039610000,"[NAME] [NAME] yeah dr. [NAME] , u need to be careful pushing your agenda #india &amp; [NAME] has done stellar job with yeah #bjpvaccine #deathspermillion #omicronvirus ",0.67289,positive,0,0,0,0,0,
1479684498027690000,centre rejects reports of expired vaccines being administered in india as 'false and misleading' #covid19 #omicronvirus ,-0.933118,negative,0,0,0,0,0,
1479670608204070000,if omicron accelerates like delta variant india may witness 16-20 lakh cases per day at its peak. #covid_19#omicronvirussource: [NAME] ,0,neutral,0,0,0,0,0,
1479684503178290000,india reports sharp spike in covid-19 infections #covid #omicronvarient #coronavirus #omicronindia #covid_19 #telangana #hyderabad #omicronvirus #india #covidvaccine #nightlockdown #nightcurfew [NAME] [NAME] [NAME] [NAME] ,-0.706662,negative,0,0,0,0,1,
1479670608015210000,#omicroninindia | the #bmc decided to shut schools of all mediums for classes 1 to 9 and 11 till january 31 amid a rapid surge in #covid19 cases in #mumbai[NAME] #omicron #coronavirus ,0,neutral,0,0,0,0,1,
1479670609164460000,#kolkata hospitals closing down visiting hours due to staggering spike in covid cases in india#omicronvirus #india #covidindia #covid #covid_19#westbengallockdown #westbengal',0,neutral,0,0,0,0,0,
1479670834876790000,"india is going through an omicron wave. perhaps it's the new dominant variant, and health crisis could hit india very soon.#omicron #india #omicronvirus #omicron #covid19 #infection #newvariant #deltavariant #who #staysafe #getvaccinated #takeprecaution #milddisease #lockdown ",0.502569,positive,0,0,0,0,1,
1479670609776820000,burnol moment for #pappu #congress #chamchas #italianmafia #lutyensmedia #india #omicronvirus #omicron #omicronvariant #covid #covid19 #covidvaccination ,0,neutral,0,0,0,0,0,
1479670610083070000,#omicronvirus india. omicron is unlikely to produce severe covid among majority of population in india. reason is a vast majority have already been infected and recovered from delta variant so long term memory immunity should provide some form of protection against omicron.',0,neutral,0,0,0,0,0,
1479670610129080000,bharat biotech aims to supply 8 crore covaxin doses by february as india starts inoculating teens#covaxin #covid19 #covidvaccine #coronavirus #vaccination #covidvariant #covid19vaccine #bharatbiotech #covaxinforkids #omicron #omicronvirus #omicronvariant',0,neutral,0,0,0,0,0,
1479684503123760000,"india's omicron tally rises to 1,700; maharashtra worst-hit, here's the state-wise breakup #omicron #maharashtra #omicroninindia #omicronvirus ",-0.586704,negative,1,0,0,0,0,
1479670610292730000,"india has detected a total of 1,700 cases of omicron variant of novel coronavirus infection.#omicron #india #omicronvirus #omicroninindia'",0,neutral,0,0,1,0,0,
1479670583205920000,"omicron live updates: 1,700 fresh cases surface, 639 recover from infectious disease across country.#omicron #omicronvirus #omicronnews [NAME] ",0.465064,positive,0,0,0,0,0,
1479670610649250000,omicron cases in india tally at 1700#omicron #omicronvirus #omicroninindia #omicronindia',0,neutral,0,0,0,0,0,
1479684506500140000,"the number of #omicron cases in india now stands at 1,431. #maharashtra has reported the highest number of #omicronvirus cases. the country also witnessed a 35 per cent jump in the number cases and reported 22,775 infections today. ",-0.889749,negative,0,0,1,0,0,
1479684509394210000,"#india reported 33,750 new #coronavirus cases with 123 deaths in the last 24 hours.#omicron tally has reached to 1,700 cases as #maharashtra reported 510 #omicronvirus cases followed by #delhi with 351 cases.#coronavirusupdates #omicronindia #covid_19 #covid19 #vaccination ",-0.755749,negative,0,0,0,0,0,
1479670610674560000,"india has detected 1,700 #omicron cases so far. the highest number of cases are in #maharashtra, #delhi, and #kerala.#omicroninindia #omicronvirus ",0,neutral,0,0,1,0,0,
1479670610674470000,"number of confirmed #omicron cases in india reaches 1,700. 23 states are affected: union health ministry#india #omicroninindia #omicron #omicronvariant #omicronvirus #covid19 ",0,neutral,1,0,0,0,0,
1479670610951560000,check out the photo gallery of vaccination for children aged 15-18 years begins across india. #omicroninindia #omicronindia #omicronvarient #omicronvariant #omicronvirus #covid #covid19vaccine #vaccination #covidvariant ,0,neutral,0,0,0,0,0,
1479670611009930000,"number of confirmed #omicron cases in india reaches 1,700: union health ministry... ... #omicronvirus #omicroninindia #omicronindia #omicronvarient #omicronvariant #omicronvirus # ",0,neutral,0,0,0,0,0,
1479670611467190000,"number of confirmed #omicron cases in india reaches 1,700: union health ministry#omicronvirus #omicroninindia #omicronindia #omicronvarient #omicronvariant #omicronvirus #covid #covid19vaccine #vaccination #covidvariant ",0,neutral,0,0,0,0,0,
1479670611471310000,photos: vaccination for children aged 15-18 years begins across india#omicron #omicroninindia #omicronindia #omicronvarient #omicronvariant #omicronvirus #covid #covid19vaccine #vaccination #covidvariant,0,neutral,0,0,0,0,0,
1479670611689430000,"#india logs 33,750 fresh #covid infections in past 24 hrs, a health bulletin of central govt informed. [NAME] [NAME] [NAME] [NAME] [NAME] #omicron #omicronvirus'",0,neutral,1,0,0,0,0,
1479670611727160000,india: increase in number of omicron cases likely to affect air traffic across airports #modalisnewsfeed #airports #india #airports #omicronvirus #omicronindia #pandemicrecovery #airtraffic',0,neutral,0,0,0,0,1,
1479670612230650000,.[NAME] and his wife priya runchal test positive for #covid19#johnabraham #omicron #omicroninindia #omicronindia #omicronvarient #omicronvariant #omicronvirus #covid19vaccine #vaccination #covidvariant,0,neutral,0,0,0,0,0,
1479670612100460000,"covid surge in india: 33,750 new cases registered#covid_19 #covid19 #corona#omicron #omicroninindia#omicronvariant #omicronvirus#coronavirusupdatesread more: ",0,neutral,1,0,0,0,0,
1479670612452850000,here's the list of public cvcs administering #covid19 vaccination for children:#omicron #omicroninindia #omicronindia #omicronvarient #omicronvariant #omicronvirus #covid #covid19vaccine #vaccination #covidvariant,0,neutral,0,0,0,0,1,
1479670612578550000,5 new cases of #omicronvirus have been recorded in #telangana ,0,neutral,0,0,0,0,0,
1479670835438760000,"if kumbh mela was responsible for the #covid19 second wave in #india in april-may 2021, then say it unapologetically, ""#christmas gatherings are responsible for the #omicron &amp; #covid_19 third wave in india now"".#omicroninindia #omicronvirus #covidchristmas #year2022 #happy2022'",0.812574,positive,0,0,0,0,0,
1479670612633080000,"1,700 #omicron cases in india.#omicronvirus #omicroninindia'",0,neutral,0,0,0,0,0,
1479670613044240000,"while 11 states in the country are taking steps for the control of #omicronvirus &amp; increase in #covid_19, yet no effective measures from #telangana government [NAME] [NAME] [NAME] [NAME] #omicronindia'",0,neutral,0,0,0,0,1,
1479670613379850000,poc models to adopt - for how to get spre[NAME] covid-19 in india .#covid_19 #omicronindia #omicronvirus ,0,neutral,0,0,0,0,0,
1479670614017330000,#explained: how serious is the infection caused by #omicron variant of #covid19?#omicronvariant #omicron#omicronvirus #thirdwave #coronavirusupdates [NAME] ,0,neutral,0,0,0,0,0,
1479670613849650000,covid jab for 15-18 age group from today #covid #omicronvarient #coronavirus #omicronindia #covid_19 #telangana #hyderabad #omicronvirus #india #covidvaccine #nightlockdown #nightcurfew [NAME] [NAME] [NAME] [NAME] ,0,neutral,0,0,0,0,1,
1479684509477960000,"how is it that with a variant as infectious as omicron, india, with a billion more people, has less cases than the us? even if theres significant underreporting the numbers dont add up. #covid19 #omicronvirus'",-0.580101,negative,1,0,0,0,0,
1479670614566830000,"[NAME] [NAME] [NAME] age of 15 to 18 are mostly school/jr collage/college going people, please arrange vaccine in respective school/college to reduce exposure in covid vaccine center. #omicronvirus #vaccinefor15plusindia'",0,neutral,0,0,0,0,1,
1479684517250040000,breaking news :- #india lockdown announcement very sooon ... take care all #covid_19 #covidtesting #covid19 #omicronvirus #omicroninindia #omicronvarient #omicronartmadanonline #omicron_is_a_global_calamity #omikronvariante #corona #coronaupdate #coronaprotest',-0.657974,negative,0,0,0,0,0,
1479684518655230000,"omicron cases are increasing so fast. ik lockdown isn't a proper solution but i think it's time for lockdown in india. people aren't following covid norms, they are not wearing masks. they don't even care about new variant. #covid_19 #covidvariant [NAME] #omicronvirus""",-0.761322,negative,1,0,0,0,0,
1479670615405560000,"day before covid jabs for teens start, over 3.5 lakh register on cowin #covid #omicronvarient #coronavirus #omicronindia #covid_19 #telangana #hyderabad #omicronvirus #india #covidvaccine #nightlockdown #nightcurfew [NAME] [NAME] [NAME] [NAME] ",0,neutral,0,0,0,1,1,
1479670615531520000,"telangana extends ban on rallies, mass gatherings till jan 10 #covid #omicronvarient #coronavirus #omicronindia #covid_19 #telangana #hyderabad #omicronvirus #india #covidvaccine #nightlockdown #nightcurfew [NAME] [NAME] [NAME] [NAME] ",0,neutral,0,0,0,0,0,
1479670615577700000,#kerala reports 45 new cases of #omicron ; tally rises to 152#omicronvarient #omicronvariant #omicronvirus ,0,neutral,0,0,0,0,0,
